<?xml version="1.0" encoding="UTF-8"?>
<GenRun Id="impl_1" LaunchPart="xc7z010clg400-1" LaunchTime="1684951289">
  <File Type="OPT-HWDEF" Name="tp4_Q2_LED_driver_FIFO.hwdef"/>
  <File Type="ROUTE-BUS-SKEW" Name="tp4_Q2_LED_driver_FIFO_bus_skew_routed.rpt"/>
  <File Type="PA-DCP" Name="tp4_Q2_LED_driver_FIFO.dcp"/>
  <File Type="ROUTE-PWR" Name="tp4_Q2_LED_driver_FIFO_power_routed.rpt"/>
  <File Type="PA-TCL" Name="tp4_Q2_LED_driver_FIFO.tcl"/>
  <File Type="BITSTR-MMI" Name="tp4_Q2_LED_driver_FIFO.mmi"/>
  <File Type="OPT-METHODOLOGY-DRC" Name="tp4_Q2_LED_driver_FIFO_methodology_drc_opted.rpt"/>
  <File Type="INIT-TIMING" Name="tp4_Q2_LED_driver_FIFO_timing_summary_init.rpt"/>
  <File Type="ROUTE-PWR-SUM" Name="tp4_Q2_LED_driver_FIFO_power_summary_routed.pb"/>
  <File Type="REPORTS-TCL" Name="tp4_Q2_LED_driver_FIFO_reports.tcl"/>
  <File Type="OPT-TIMING" Name="tp4_Q2_LED_driver_FIFO_timing_summary_opted.rpt"/>
  <File Type="OPT-DCP" Name="tp4_Q2_LED_driver_FIFO_opt.dcp"/>
  <File Type="OPT-DRC" Name="tp4_Q2_LED_driver_FIFO_drc_opted.rpt"/>
  <File Type="PWROPT-DCP" Name="tp4_Q2_LED_driver_FIFO_pwropt.dcp"/>
  <File Type="PWROPT-DRC" Name="tp4_Q2_LED_driver_FIFO_drc_pwropted.rpt"/>
  <File Type="PWROPT-TIMING" Name="tp4_Q2_LED_driver_FIFO_timing_summary_pwropted.rpt"/>
  <File Type="PLACE-DCP" Name="tp4_Q2_LED_driver_FIFO_placed.dcp"/>
  <File Type="PLACE-IO" Name="tp4_Q2_LED_driver_FIFO_io_placed.rpt"/>
  <File Type="PLACE-CLK" Name="tp4_Q2_LED_driver_FIFO_clock_utilization_placed.rpt"/>
  <File Type="PLACE-UTIL" Name="tp4_Q2_LED_driver_FIFO_utilization_placed.rpt"/>
  <File Type="PLACE-UTIL-PB" Name="tp4_Q2_LED_driver_FIFO_utilization_placed.pb"/>
  <File Type="PLACE-CTRL" Name="tp4_Q2_LED_driver_FIFO_control_sets_placed.rpt"/>
  <File Type="PLACE-SIMILARITY" Name="tp4_Q2_LED_driver_FIFO_incremental_reuse_placed.rpt"/>
  <File Type="PLACE-PRE-SIMILARITY" Name="tp4_Q2_LED_driver_FIFO_incremental_reuse_pre_placed.rpt"/>
  <File Type="BG-BIN" Name="tp4_Q2_LED_driver_FIFO.bin"/>
  <File Type="PLACE-TIMING" Name="tp4_Q2_LED_driver_FIFO_timing_summary_placed.rpt"/>
  <File Type="POSTPLACE-PWROPT-DCP" Name="tp4_Q2_LED_driver_FIFO_postplace_pwropt.dcp"/>
  <File Type="BITSTR-MSK" Name="tp4_Q2_LED_driver_FIFO.msk"/>
  <File Type="POSTPLACE-PWROPT-TIMING" Name="tp4_Q2_LED_driver_FIFO_timing_summary_postplace_pwropted.rpt"/>
  <File Type="PHYSOPT-DCP" Name="tp4_Q2_LED_driver_FIFO_physopt.dcp"/>
  <File Type="PHYSOPT-DRC" Name="tp4_Q2_LED_driver_FIFO_drc_physopted.rpt"/>
  <File Type="BITSTR-RBT" Name="tp4_Q2_LED_driver_FIFO.rbt"/>
  <File Type="PHYSOPT-TIMING" Name="tp4_Q2_LED_driver_FIFO_timing_summary_physopted.rpt"/>
  <File Type="ROUTE-ERROR-DCP" Name="tp4_Q2_LED_driver_FIFO_routed_error.dcp"/>
  <File Type="ROUTE-DCP" Name="tp4_Q2_LED_driver_FIFO_routed.dcp"/>
  <File Type="ROUTE-BLACKBOX-DCP" Name="tp4_Q2_LED_driver_FIFO_routed_bb.dcp"/>
  <File Type="ROUTE-DRC" Name="tp4_Q2_LED_driver_FIFO_drc_routed.rpt"/>
  <File Type="ROUTE-DRC-PB" Name="tp4_Q2_LED_driver_FIFO_drc_routed.pb"/>
  <File Type="ROUTE-DRC-RPX" Name="tp4_Q2_LED_driver_FIFO_drc_routed.rpx"/>
  <File Type="ROUTE-METHODOLOGY-DRC" Name="tp4_Q2_LED_driver_FIFO_methodology_drc_routed.rpt"/>
  <File Type="ROUTE-METHODOLOGY-DRC-RPX" Name="tp4_Q2_LED_driver_FIFO_methodology_drc_routed.rpx"/>
  <File Type="ROUTE-METHODOLOGY-DRC-PB" Name="tp4_Q2_LED_driver_FIFO_methodology_drc_routed.pb"/>
  <File Type="ROUTE-PWR-RPX" Name="tp4_Q2_LED_driver_FIFO_power_routed.rpx"/>
  <File Type="ROUTE-STATUS" Name="tp4_Q2_LED_driver_FIFO_route_status.rpt"/>
  <File Type="ROUTE-STATUS-PB" Name="tp4_Q2_LED_driver_FIFO_route_status.pb"/>
  <File Type="ROUTE-TIMINGSUMMARY" Name="tp4_Q2_LED_driver_FIFO_timing_summary_routed.rpt"/>
  <File Type="ROUTE-TIMING-PB" Name="tp4_Q2_LED_driver_FIFO_timing_summary_routed.pb"/>
  <File Type="ROUTE-TIMING-RPX" Name="tp4_Q2_LED_driver_FIFO_timing_summary_routed.rpx"/>
  <File Type="ROUTE-SIMILARITY" Name="tp4_Q2_LED_driver_FIFO_incremental_reuse_routed.rpt"/>
  <File Type="ROUTE-CLK" Name="tp4_Q2_LED_driver_FIFO_clock_utilization_routed.rpt"/>
  <File Type="ROUTE-BUS-SKEW-PB" Name="tp4_Q2_LED_driver_FIFO_bus_skew_routed.pb"/>
  <File Type="ROUTE-BUS-SKEW-RPX" Name="tp4_Q2_LED_driver_FIFO_bus_skew_routed.rpx"/>
  <File Type="POSTROUTE-PHYSOPT-DCP" Name="tp4_Q2_LED_driver_FIFO_postroute_physopt.dcp"/>
  <File Type="POSTROUTE-PHYSOPT-BLACKBOX-DCP" Name="tp4_Q2_LED_driver_FIFO_postroute_physopt_bb.dcp"/>
  <File Type="POSTROUTE-PHYSOPT-TIMING" Name="tp4_Q2_LED_driver_FIFO_timing_summary_postroute_physopted.rpt"/>
  <File Type="POSTROUTE-PHYSOPT-TIMING-PB" Name="tp4_Q2_LED_driver_FIFO_timing_summary_postroute_physopted.pb"/>
  <File Type="POSTROUTE-PHYSOPT-TIMING-RPX" Name="tp4_Q2_LED_driver_FIFO_timing_summary_postroute_physopted.rpx"/>
  <File Type="POSTROUTE-PHYSOPT-BUS-SKEW" Name="tp4_Q2_LED_driver_FIFO_bus_skew_postroute_physopted.rpt"/>
  <File Type="BG-BIT" Name="tp4_Q2_LED_driver_FIFO.bit"/>
  <File Type="POSTROUTE-PHYSOPT-BUS-SKEW-PB" Name="tp4_Q2_LED_driver_FIFO_bus_skew_postroute_physopted.pb"/>
  <File Type="POSTROUTE-PHYSOPT-BUS-SKEW-RPX" Name="tp4_Q2_LED_driver_FIFO_bus_skew_postroute_physopted.rpx"/>
  <File Type="BITSTR-NKY" Name="tp4_Q2_LED_driver_FIFO.nky"/>
  <File Type="BITSTR-BMM" Name="tp4_Q2_LED_driver_FIFO_bd.bmm"/>
  <File Type="PDI-FILE" Name="tp4_Q2_LED_driver_FIFO.pdi"/>
  <File Type="RCFI_FILE" Name="tp4_Q2_LED_driver_FIFO.rcfi"/>
  <File Type="CFI_FILE" Name="tp4_Q2_LED_driver_FIFO.cfi"/>
  <File Type="RNPI_FILE" Name="tp4_Q2_LED_driver_FIFO.rnpi"/>
  <File Type="NPI_FILE" Name="tp4_Q2_LED_driver_FIFO.npi"/>
  <File Type="RBD_FILE" Name="tp4_Q2_LED_driver_FIFO.rbd"/>
  <File Type="BITSTR-LTX" Name="debug_nets.ltx"/>
  <File Type="BITSTR-LTX" Name="tp4_Q2_LED_driver_FIFO.ltx"/>
  <File Type="BITSTR-SYSDEF" Name="tp4_Q2_LED_driver_FIFO.sysdef"/>
  <File Type="BG-BGN" Name="tp4_Q2_LED_driver_FIFO.bgn"/>
  <File Type="BG-DRC" Name="tp4_Q2_LED_driver_FIFO.drc"/>
  <File Type="RDI-RDI" Name="tp4_Q2_LED_driver_FIFO.vdi"/>
  <File Type="WBT-USG" Name="usage_statistics_webtalk.html"/>
  <File Type="ROUTE-RQS" Name="tp4_Q2_LED_driver_FIFO_routed.rqs"/>
  <File Type="POSTROUTE-PHYSOPT-RQS" Name="tp4_Q2_LED_driver_FIFO_postroute_physopted.rqs"/>
  <File Type="ROUTE-RQS-RPT" Name="route_report_qor_suggestions_0.rpt"/>
  <File Type="POSTROUTE-PHYSOPT-RQS-RPT" Name="postroute_physopt_report_qor_suggestions_0.rpt"/>
  <FileSet Name="sources" Type="DesignSrcs" RelSrcDir="$PSRCDIR/sources_1" RelGenDir="$PGENDIR/sources_1">
    <Filter Type="Srcs"/>
    <File Path="$PPRDIR/../TP4_Counter_unit.vhd">
      <FileInfo>
        <Attr Name="UsedIn" Val="synthesis"/>
        <Attr Name="UsedIn" Val="simulation"/>
      </FileInfo>
    </File>
    <File Path="$PPRDIR/../TP4_Cycle_counter.vhd">
      <FileInfo>
        <Attr Name="UsedIn" Val="synthesis"/>
        <Attr Name="UsedIn" Val="simulation"/>
      </FileInfo>
    </File>
    <File Path="$PPRDIR/../TP4_Q1_LED_driver.vhd">
      <FileInfo>
        <Attr Name="UsedIn" Val="synthesis"/>
        <Attr Name="UsedIn" Val="simulation"/>
      </FileInfo>
    </File>
    <File Path="$PPRDIR/../TP4_Q2_LED_driver_FIFO.vhd">
      <FileInfo>
        <Attr Name="UsedIn" Val="synthesis"/>
        <Attr Name="UsedIn" Val="simulation"/>
      </FileInfo>
    </File>
    <Config>
      <Option Name="DesignMode" Val="RTL"/>
      <Option Name="TopModule" Val="tp4_Q2_LED_driver_FIFO"/>
      <Option Name="TopAutoSet" Val="TRUE"/>
    </Config>
  </FileSet>
  <FileSet Name="constrs_in" Type="Constrs" RelSrcDir="$PSRCDIR/constrs_1">
    <Filter Type="Constrs"/>
    <File Path="$PPRDIR/../Cora-Z7-10-Master.xdc">
      <FileInfo>
        <Attr Name="UsedIn" Val="synthesis"/>
        <Attr Name="UsedIn" Val="implementation"/>
      </FileInfo>
    </File>
    <Config>
      <Option Name="TargetConstrsFile" Val="$PPRDIR/../Cora-Z7-10-Master.xdc"/>
      <Option Name="ConstrsType" Val="XDC"/>
    </Config>
  </FileSet>
  <FileSet Name="utils" Type="Utils" RelSrcDir="$PSRCDIR/utils_1">
    <Filter Type="Utils"/>
    <File Path="$PSRCDIR/utils_1/imports/synth_1/tp4_Q2_LED_driver_FIFO.dcp">
      <FileInfo>
        <Attr Name="UsedIn" Val="synthesis"/>
        <Attr Name="UsedIn" Val="implementation"/>
        <Attr Name="UsedInSteps" Val="synth_1"/>
        <Attr Name="AutoDcp" Val="1"/>
      </FileInfo>
    </File>
    <Config>
      <Option Name="TopAutoSet" Val="TRUE"/>
    </Config>
  </FileSet>
  <Strategy Version="1" Minor="2">
    <StratHandle Name="Vivado Implementation Defaults" Flow="Vivado Implementation 2022"/>
    <Step Id="init_design"/>
    <Step Id="opt_design"/>
    <Step Id="power_opt_design"/>
    <Step Id="place_design"/>
    <Step Id="post_place_power_opt_design"/>
    <Step Id="phys_opt_design"/>
    <Step Id="route_design"/>
    <Step Id="post_route_phys_opt_design"/>
    <Step Id="write_bitstream"/>
  </Strategy>
  <BlockFileSet Type="BlockSrcs" Name="fifo_generator_0"/>
</GenRun>
