<?xml version="1.0" encoding="UTF-8"?>
<GenRun Id="CLK_PLL_synth_1" LaunchPart="xc7z010clg400-1" LaunchTime="1685113607">
  <File Type="PA-TCL" Name="CLK_PLL.tcl"/>
  <File Type="REPORTS-TCL" Name="CLK_PLL_reports.tcl"/>
  <File Type="RDS-RDS" Name="CLK_PLL.vds"/>
  <File Type="RDS-UTIL" Name="CLK_PLL_utilization_synth.rpt"/>
  <File Type="RDS-UTIL-PB" Name="CLK_PLL_utilization_synth.pb"/>
  <File Type="RDS-DCP" Name="CLK_PLL.dcp"/>
  <FileSet Name="sources" Type="BlockSrcs" RelSrcDir="$PSRCDIR/CLK_PLL">
    <File Path="$PSRCDIR/sources_1/ip/CLK_PLL/CLK_PLL.xci">
      <FileInfo>
        <Attr Name="UsedIn" Val="synthesis"/>
        <Attr Name="UsedIn" Val="implementation"/>
        <Attr Name="UsedIn" Val="simulation"/>
      </FileInfo>
    </File>
    <Config>
      <Option Name="TopModule" Val="CLK_PLL"/>
      <Option Name="UseBlackboxStub" Val="1"/>
    </Config>
  </FileSet>
  <FileSet Name="constrs_in" Type="BlockSrcs" RelSrcDir="$PSRCDIR/CLK_PLL">
    <File Path="$PSRCDIR/sources_1/ip/CLK_PLL/CLK_PLL.xci">
      <FileInfo>
        <Attr Name="UsedIn" Val="synthesis"/>
        <Attr Name="UsedIn" Val="implementation"/>
        <Attr Name="UsedIn" Val="simulation"/>
      </FileInfo>
    </File>
    <Config>
      <Option Name="TopModule" Val="CLK_PLL"/>
      <Option Name="UseBlackboxStub" Val="1"/>
    </Config>
  </FileSet>
  <FileSet Name="utils" Type="Utils" RelSrcDir="$PSRCDIR/utils_1">
    <Filter Type="Utils"/>
    <Config>
      <Option Name="TopAutoSet" Val="TRUE"/>
    </Config>
  </FileSet>
  <Strategy Version="1" Minor="2">
    <StratHandle Name="Vivado Synthesis Defaults" Flow="Vivado Synthesis 2022"/>
    <Step Id="synth_design"/>
  </Strategy>
</GenRun>
