<?xml version="1.0" encoding="UTF-8"?>
<GenRun Id="synth_1" LaunchPart="xc7z010clg400-1" LaunchTime="1684951286" LaunchIncrCheckpoint="$PSRCDIR/utils_1/imports/synth_1/tp4_Q2_LED_driver_FIFO.dcp">
  <File Type="PA-TCL" Name="tp4_Q2_LED_driver_FIFO.tcl"/>
  <File Type="RDS-PROPCONSTRS" Name="tp4_Q2_LED_driver_FIFO_drc_synth.rpt"/>
  <File Type="REPORTS-TCL" Name="tp4_Q2_LED_driver_FIFO_reports.tcl"/>
  <File Type="RDS-RDS" Name="tp4_Q2_LED_driver_FIFO.vds"/>
  <File Type="RDS-UTIL" Name="tp4_Q2_LED_driver_FIFO_utilization_synth.rpt"/>
  <File Type="RDS-UTIL-PB" Name="tp4_Q2_LED_driver_FIFO_utilization_synth.pb"/>
  <File Type="RDS-DCP" Name="tp4_Q2_LED_driver_FIFO.dcp"/>
  <File Type="VDS-TIMINGSUMMARY" Name="tp4_Q2_LED_driver_FIFO_timing_summary_synth.rpt"/>
  <File Type="VDS-TIMING-PB" Name="tp4_Q2_LED_driver_FIFO_timing_summary_synth.pb"/>
  <FileSet Name="sources" Type="DesignSrcs" RelSrcDir="$PSRCDIR/sources_1" RelGenDir="$PGENDIR/sources_1">
    <Filter Type="Srcs"/>
    <File Path="$PPRDIR/../TP4_Counter_unit.vhd">
      <FileInfo>
        <Attr Name="UsedIn" Val="synthesis"/>
        <Attr Name="UsedIn" Val="simulation"/>
      </FileInfo>
    </File>
    <File Path="$PPRDIR/../TP4_Cycle_counter.vhd">
      <FileInfo>
        <Attr Name="UsedIn" Val="synthesis"/>
        <Attr Name="UsedIn" Val="simulation"/>
      </FileInfo>
    </File>
    <File Path="$PPRDIR/../TP4_Q1_LED_driver.vhd">
      <FileInfo>
        <Attr Name="UsedIn" Val="synthesis"/>
        <Attr Name="UsedIn" Val="simulation"/>
      </FileInfo>
    </File>
    <File Path="$PPRDIR/../TP4_Q2_LED_driver_FIFO.vhd">
      <FileInfo>
        <Attr Name="UsedIn" Val="synthesis"/>
        <Attr Name="UsedIn" Val="simulation"/>
      </FileInfo>
    </File>
    <Config>
      <Option Name="DesignMode" Val="RTL"/>
      <Option Name="TopModule" Val="tp4_Q2_LED_driver_FIFO"/>
      <Option Name="TopAutoSet" Val="TRUE"/>
    </Config>
  </FileSet>
  <FileSet Name="constrs_in" Type="Constrs" RelSrcDir="$PSRCDIR/constrs_1">
    <Filter Type="Constrs"/>
    <File Path="$PPRDIR/../Cora-Z7-10-Master.xdc">
      <FileInfo>
        <Attr Name="UsedIn" Val="synthesis"/>
        <Attr Name="UsedIn" Val="implementation"/>
      </FileInfo>
    </File>
    <Config>
      <Option Name="TargetConstrsFile" Val="$PPRDIR/../Cora-Z7-10-Master.xdc"/>
      <Option Name="ConstrsType" Val="XDC"/>
    </Config>
  </FileSet>
  <FileSet Name="utils" Type="Utils" RelSrcDir="$PSRCDIR/utils_1">
    <Filter Type="Utils"/>
    <File Path="$PSRCDIR/utils_1/imports/synth_1/tp4_Q2_LED_driver_FIFO.dcp">
      <FileInfo>
        <Attr Name="UsedIn" Val="synthesis"/>
        <Attr Name="UsedIn" Val="implementation"/>
        <Attr Name="UsedInSteps" Val="synth_1"/>
        <Attr Name="AutoDcp" Val="1"/>
      </FileInfo>
    </File>
    <Config>
      <Option Name="TopAutoSet" Val="TRUE"/>
    </Config>
  </FileSet>
  <Strategy Version="1" Minor="2">
    <StratHandle Name="Vivado Synthesis Defaults" Flow="Vivado Synthesis 2022"/>
    <Step Id="synth_design"/>
  </Strategy>
  <BlockFileSet Type="BlockSrcs" Name="fifo_generator_0"/>
</GenRun>
