<?xml version="1.0" encoding="UTF-8"?>
<GenRun Id="impl_1" LaunchPart="xc7z010clg400-1" LaunchTime="1684875288">
  <File Type="ROUTE-PWR" Name="Pilotage_LED_power_routed.rpt"/>
  <File Type="PA-TCL" Name="Pilotage_LED.tcl"/>
  <File Type="BITSTR-MMI" Name="Pilotage_LED.mmi"/>
  <File Type="OPT-METHODOLOGY-DRC" Name="Pilotage_LED_methodology_drc_opted.rpt"/>
  <File Type="INIT-TIMING" Name="Pilotage_LED_timing_summary_init.rpt"/>
  <File Type="ROUTE-PWR-SUM" Name="Pilotage_LED_power_summary_routed.pb"/>
  <File Type="REPORTS-TCL" Name="Pilotage_LED_reports.tcl"/>
  <File Type="OPT-TIMING" Name="Pilotage_LED_timing_summary_opted.rpt"/>
  <File Type="OPT-DCP" Name="Pilotage_LED_opt.dcp"/>
  <File Type="OPT-DRC" Name="Pilotage_LED_drc_opted.rpt"/>
  <File Type="OPT-HWDEF" Name="Pilotage_LED.hwdef"/>
  <File Type="PWROPT-DCP" Name="Pilotage_LED_pwropt.dcp"/>
  <File Type="PWROPT-DRC" Name="Pilotage_LED_drc_pwropted.rpt"/>
  <File Type="PWROPT-TIMING" Name="Pilotage_LED_timing_summary_pwropted.rpt"/>
  <File Type="PLACE-DCP" Name="Pilotage_LED_placed.dcp"/>
  <File Type="PLACE-IO" Name="Pilotage_LED_io_placed.rpt"/>
  <File Type="PLACE-CLK" Name="Pilotage_LED_clock_utilization_placed.rpt"/>
  <File Type="PLACE-UTIL" Name="Pilotage_LED_utilization_placed.rpt"/>
  <File Type="PLACE-UTIL-PB" Name="Pilotage_LED_utilization_placed.pb"/>
  <File Type="PLACE-CTRL" Name="Pilotage_LED_control_sets_placed.rpt"/>
  <File Type="PLACE-SIMILARITY" Name="Pilotage_LED_incremental_reuse_placed.rpt"/>
  <File Type="PLACE-PRE-SIMILARITY" Name="Pilotage_LED_incremental_reuse_pre_placed.rpt"/>
  <File Type="BG-BIN" Name="Pilotage_LED.bin"/>
  <File Type="PLACE-TIMING" Name="Pilotage_LED_timing_summary_placed.rpt"/>
  <File Type="POSTPLACE-PWROPT-DCP" Name="Pilotage_LED_postplace_pwropt.dcp"/>
  <File Type="BITSTR-MSK" Name="Pilotage_LED.msk"/>
  <File Type="POSTPLACE-PWROPT-TIMING" Name="Pilotage_LED_timing_summary_postplace_pwropted.rpt"/>
  <File Type="PHYSOPT-DCP" Name="Pilotage_LED_physopt.dcp"/>
  <File Type="PHYSOPT-DRC" Name="Pilotage_LED_drc_physopted.rpt"/>
  <File Type="BITSTR-RBT" Name="Pilotage_LED.rbt"/>
  <File Type="PHYSOPT-TIMING" Name="Pilotage_LED_timing_summary_physopted.rpt"/>
  <File Type="ROUTE-ERROR-DCP" Name="Pilotage_LED_routed_error.dcp"/>
  <File Type="ROUTE-DCP" Name="Pilotage_LED_routed.dcp"/>
  <File Type="ROUTE-BLACKBOX-DCP" Name="Pilotage_LED_routed_bb.dcp"/>
  <File Type="ROUTE-DRC" Name="Pilotage_LED_drc_routed.rpt"/>
  <File Type="ROUTE-DRC-PB" Name="Pilotage_LED_drc_routed.pb"/>
  <File Type="ROUTE-DRC-RPX" Name="Pilotage_LED_drc_routed.rpx"/>
  <File Type="ROUTE-METHODOLOGY-DRC" Name="Pilotage_LED_methodology_drc_routed.rpt"/>
  <File Type="ROUTE-METHODOLOGY-DRC-RPX" Name="Pilotage_LED_methodology_drc_routed.rpx"/>
  <File Type="ROUTE-METHODOLOGY-DRC-PB" Name="Pilotage_LED_methodology_drc_routed.pb"/>
  <File Type="ROUTE-PWR-RPX" Name="Pilotage_LED_power_routed.rpx"/>
  <File Type="ROUTE-STATUS" Name="Pilotage_LED_route_status.rpt"/>
  <File Type="ROUTE-STATUS-PB" Name="Pilotage_LED_route_status.pb"/>
  <File Type="ROUTE-TIMINGSUMMARY" Name="Pilotage_LED_timing_summary_routed.rpt"/>
  <File Type="ROUTE-TIMING-PB" Name="Pilotage_LED_timing_summary_routed.pb"/>
  <File Type="ROUTE-TIMING-RPX" Name="Pilotage_LED_timing_summary_routed.rpx"/>
  <File Type="ROUTE-SIMILARITY" Name="Pilotage_LED_incremental_reuse_routed.rpt"/>
  <File Type="ROUTE-CLK" Name="Pilotage_LED_clock_utilization_routed.rpt"/>
  <File Type="ROUTE-BUS-SKEW" Name="Pilotage_LED_bus_skew_routed.rpt"/>
  <File Type="ROUTE-BUS-SKEW-PB" Name="Pilotage_LED_bus_skew_routed.pb"/>
  <File Type="ROUTE-BUS-SKEW-RPX" Name="Pilotage_LED_bus_skew_routed.rpx"/>
  <File Type="POSTROUTE-PHYSOPT-DCP" Name="Pilotage_LED_postroute_physopt.dcp"/>
  <File Type="POSTROUTE-PHYSOPT-BLACKBOX-DCP" Name="Pilotage_LED_postroute_physopt_bb.dcp"/>
  <File Type="POSTROUTE-PHYSOPT-TIMING" Name="Pilotage_LED_timing_summary_postroute_physopted.rpt"/>
  <File Type="POSTROUTE-PHYSOPT-TIMING-PB" Name="Pilotage_LED_timing_summary_postroute_physopted.pb"/>
  <File Type="POSTROUTE-PHYSOPT-TIMING-RPX" Name="Pilotage_LED_timing_summary_postroute_physopted.rpx"/>
  <File Type="POSTROUTE-PHYSOPT-BUS-SKEW" Name="Pilotage_LED_bus_skew_postroute_physopted.rpt"/>
  <File Type="BG-BIT" Name="Pilotage_LED.bit"/>
  <File Type="POSTROUTE-PHYSOPT-BUS-SKEW-PB" Name="Pilotage_LED_bus_skew_postroute_physopted.pb"/>
  <File Type="POSTROUTE-PHYSOPT-BUS-SKEW-RPX" Name="Pilotage_LED_bus_skew_postroute_physopted.rpx"/>
  <File Type="BITSTR-NKY" Name="Pilotage_LED.nky"/>
  <File Type="BITSTR-BMM" Name="Pilotage_LED_bd.bmm"/>
  <File Type="PDI-FILE" Name="Pilotage_LED.pdi"/>
  <File Type="RCFI_FILE" Name="Pilotage_LED.rcfi"/>
  <File Type="CFI_FILE" Name="Pilotage_LED.cfi"/>
  <File Type="RNPI_FILE" Name="Pilotage_LED.rnpi"/>
  <File Type="NPI_FILE" Name="Pilotage_LED.npi"/>
  <File Type="RBD_FILE" Name="Pilotage_LED.rbd"/>
  <File Type="BITSTR-LTX" Name="debug_nets.ltx"/>
  <File Type="BITSTR-LTX" Name="Pilotage_LED.ltx"/>
  <File Type="BITSTR-SYSDEF" Name="Pilotage_LED.sysdef"/>
  <File Type="BG-BGN" Name="Pilotage_LED.bgn"/>
  <File Type="BG-DRC" Name="Pilotage_LED.drc"/>
  <File Type="RDI-RDI" Name="Pilotage_LED.vdi"/>
  <File Type="WBT-USG" Name="usage_statistics_webtalk.html"/>
  <File Type="ROUTE-RQS" Name="Pilotage_LED_routed.rqs"/>
  <File Type="POSTROUTE-PHYSOPT-RQS" Name="Pilotage_LED_postroute_physopted.rqs"/>
  <File Type="ROUTE-RQS-RPT" Name="route_report_qor_suggestions_0.rpt"/>
  <File Type="POSTROUTE-PHYSOPT-RQS-RPT" Name="postroute_physopt_report_qor_suggestions_0.rpt"/>
  <FileSet Name="sources" Type="DesignSrcs" RelSrcDir="$PSRCDIR/sources_1" RelGenDir="$PGENDIR/sources_1">
    <Filter Type="Srcs"/>
    <File Path="$PPRDIR/../TP4_Counter_unit.vhd">
      <FileInfo>
        <Attr Name="UsedIn" Val="synthesis"/>
        <Attr Name="UsedIn" Val="simulation"/>
      </FileInfo>
    </File>
    <File Path="$PPRDIR/../TP4_LED_driver.vhd">
      <FileInfo>
        <Attr Name="UsedIn" Val="synthesis"/>
        <Attr Name="UsedIn" Val="simulation"/>
      </FileInfo>
    </File>
    <File Path="$PPRDIR/../TP4_Pilotage_de_LED.vhd">
      <FileInfo>
        <Attr Name="UsedIn" Val="synthesis"/>
        <Attr Name="UsedIn" Val="simulation"/>
      </FileInfo>
    </File>
    <Config>
      <Option Name="DesignMode" Val="RTL"/>
      <Option Name="TopModule" Val="Pilotage_LED"/>
      <Option Name="TopAutoSet" Val="TRUE"/>
    </Config>
  </FileSet>
  <FileSet Name="constrs_in" Type="Constrs" RelSrcDir="$PSRCDIR/constrs_1">
    <Filter Type="Constrs"/>
    <File Path="$PPRDIR/../Cora-Z7-10-Master.xdc">
      <FileInfo>
        <Attr Name="UsedIn" Val="synthesis"/>
        <Attr Name="UsedIn" Val="implementation"/>
      </FileInfo>
    </File>
    <Config>
      <Option Name="TargetConstrsFile" Val="$PPRDIR/../Cora-Z7-10-Master.xdc"/>
      <Option Name="ConstrsType" Val="XDC"/>
    </Config>
  </FileSet>
  <FileSet Name="utils" Type="Utils" RelSrcDir="$PSRCDIR/utils_1">
    <Filter Type="Utils"/>
    <File Path="$PSRCDIR/utils_1/imports/synth_1/Pilotage_LED.dcp">
      <FileInfo>
        <Attr Name="UsedIn" Val="synthesis"/>
        <Attr Name="UsedIn" Val="implementation"/>
        <Attr Name="UsedInSteps" Val="synth_1"/>
        <Attr Name="AutoDcp" Val="1"/>
      </FileInfo>
    </File>
    <Config>
      <Option Name="TopAutoSet" Val="TRUE"/>
    </Config>
  </FileSet>
  <Strategy Version="1" Minor="2">
    <StratHandle Name="Vivado Implementation Defaults" Flow="Vivado Implementation 2022"/>
    <Step Id="init_design"/>
    <Step Id="opt_design"/>
    <Step Id="power_opt_design"/>
    <Step Id="place_design"/>
    <Step Id="post_place_power_opt_design"/>
    <Step Id="phys_opt_design"/>
    <Step Id="route_design"/>
    <Step Id="post_route_phys_opt_design"/>
    <Step Id="write_bitstream"/>
  </Strategy>
</GenRun>
