<?xml version="1.0" encoding="UTF-8"?>
<GenRun Id="impl_1" LaunchPart="xc7z010clg400-1" LaunchTime="1685359117">
  <File Type="PA-TCL" Name="tp5_Q4_PLL.tcl"/>
  <File Type="REPORTS-TCL" Name="tp5_Q4_PLL_reports.tcl"/>
  <File Type="BITSTR-MSK" Name="tp5_Q4_PLL.msk"/>
  <File Type="RDI-RDI" Name="tp5_Q4_PLL.vdi"/>
  <File Type="PA-DCP" Name="tp5_Q4_PLL.dcp"/>
  <File Type="BG-BIT" Name="tp5_Q4_PLL.bit"/>
  <File Type="BG-DRC" Name="tp5_Q4_PLL.drc"/>
  <File Type="BG-BGN" Name="tp5_Q4_PLL.bgn"/>
  <File Type="BG-BIN" Name="tp5_Q4_PLL.bin"/>
  <File Type="BITSTR-RBT" Name="tp5_Q4_PLL.rbt"/>
  <File Type="BITSTR-NKY" Name="tp5_Q4_PLL.nky"/>
  <File Type="BITSTR-BMM" Name="tp5_Q4_PLL_bd.bmm"/>
  <File Type="BITSTR-MMI" Name="tp5_Q4_PLL.mmi"/>
  <File Type="BITSTR-SYSDEF" Name="tp5_Q4_PLL.sysdef"/>
  <File Type="BITSTR-LTX" Name="debug_nets.ltx"/>
  <File Type="BITSTR-LTX" Name="tp5_Q4_PLL.ltx"/>
  <File Type="WBT-USG" Name="usage_statistics_webtalk.html"/>
  <File Type="OPT-HWDEF" Name="tp5_Q4_PLL.hwdef"/>
  <File Type="ROUTE-RQS-RPT" Name="route_report_qor_suggestions_0.rpt"/>
  <File Type="PLACE-PRE-SIMILARITY" Name="tp5_Q4_PLL_incremental_reuse_pre_placed.rpt"/>
  <File Type="ROUTE-DCP" Name="tp5_Q4_PLL_routed.dcp"/>
  <File Type="ROUTE-ERROR-DCP" Name="tp5_Q4_PLL_routed_error.dcp"/>
  <File Type="ROUTE-BLACKBOX-DCP" Name="tp5_Q4_PLL_routed_bb.dcp"/>
  <File Type="ROUTE-TIMING-PB" Name="tp5_Q4_PLL_timing_summary_routed.pb"/>
  <File Type="OPT-DCP" Name="tp5_Q4_PLL_opt.dcp"/>
  <File Type="PLACE-DCP" Name="tp5_Q4_PLL_placed.dcp"/>
  <File Type="PWROPT-DCP" Name="tp5_Q4_PLL_pwropt.dcp"/>
  <File Type="POSTPLACE-PWROPT-DCP" Name="tp5_Q4_PLL_postplace_pwropt.dcp"/>
  <File Type="PHYSOPT-DCP" Name="tp5_Q4_PLL_physopt.dcp"/>
  <File Type="POSTROUTE-PHYSOPT-DCP" Name="tp5_Q4_PLL_postroute_physopt.dcp"/>
  <File Type="POSTROUTE-PHYSOPT-BLACKBOX-DCP" Name="tp5_Q4_PLL_postroute_physopt_bb.dcp"/>
  <File Type="PDI-FILE" Name="tp5_Q4_PLL.pdi"/>
  <File Type="RCFI_FILE" Name="tp5_Q4_PLL.rcfi"/>
  <File Type="CFI_FILE" Name="tp5_Q4_PLL.cfi"/>
  <File Type="RNPI_FILE" Name="tp5_Q4_PLL.rnpi"/>
  <File Type="NPI_FILE" Name="tp5_Q4_PLL.npi"/>
  <File Type="RBD_FILE" Name="tp5_Q4_PLL.rbd"/>
  <File Type="ROUTE-RQS" Name="tp5_Q4_PLL_routed.rqs"/>
  <File Type="POSTROUTE-PHYSOPT-RQS" Name="tp5_Q4_PLL_postroute_physopted.rqs"/>
  <File Type="POSTROUTE-PHYSOPT-RQS-RPT" Name="postroute_physopt_report_qor_suggestions_0.rpt"/>
  <FileSet Name="sources" Type="DesignSrcs" RelSrcDir="$PSRCDIR/sources_1" RelGenDir="$PGENDIR/sources_1">
    <Filter Type="Srcs"/>
    <File Path="$PPRDIR/../TP05_Counter_unit.vhd">
      <FileInfo>
        <Attr Name="UsedIn" Val="synthesis"/>
        <Attr Name="UsedIn" Val="simulation"/>
      </FileInfo>
    </File>
    <File Path="$PPRDIR/../TP05_Cycle_counter.vhd">
      <FileInfo>
        <Attr Name="UsedIn" Val="synthesis"/>
        <Attr Name="UsedIn" Val="simulation"/>
      </FileInfo>
    </File>
    <File Path="$PPRDIR/../TP05_LED_driver.vhd">
      <FileInfo>
        <Attr Name="UsedIn" Val="synthesis"/>
        <Attr Name="UsedIn" Val="simulation"/>
      </FileInfo>
    </File>
    <File Path="$PPRDIR/../TP05_Pilote_LED_Driver.vhd">
      <FileInfo>
        <Attr Name="UsedIn" Val="synthesis"/>
        <Attr Name="UsedIn" Val="simulation"/>
      </FileInfo>
    </File>
    <File Path="$PPRDIR/../TP05_Q4_LED_driver_PLL.vhd">
      <FileInfo>
        <Attr Name="UsedIn" Val="synthesis"/>
        <Attr Name="UsedIn" Val="simulation"/>
      </FileInfo>
    </File>
    <Config>
      <Option Name="DesignMode" Val="RTL"/>
      <Option Name="TopModule" Val="tp5_Q4_PLL"/>
      <Option Name="TopAutoSet" Val="TRUE"/>
    </Config>
  </FileSet>
  <FileSet Name="constrs_in" Type="Constrs" RelSrcDir="$PSRCDIR/constrs_1">
    <Filter Type="Constrs"/>
    <File Path="$PPRDIR/../TP05_Cora-Z7-10-Master.xdc">
      <FileInfo>
        <Attr Name="UsedIn" Val="synthesis"/>
        <Attr Name="UsedIn" Val="implementation"/>
      </FileInfo>
    </File>
    <Config>
      <Option Name="TargetConstrsFile" Val="$PPRDIR/../TP05_Cora-Z7-10-Master.xdc"/>
      <Option Name="ConstrsType" Val="XDC"/>
    </Config>
  </FileSet>
  <FileSet Name="utils" Type="Utils" RelSrcDir="$PSRCDIR/utils_1">
    <Filter Type="Utils"/>
    <File Path="$PSRCDIR/utils_1/imports/synth_1/tp5_Q4_PLL.dcp">
      <FileInfo>
        <Attr Name="UsedIn" Val="synthesis"/>
        <Attr Name="UsedIn" Val="implementation"/>
        <Attr Name="UsedInSteps" Val="synth_1"/>
        <Attr Name="AutoDcp" Val="1"/>
      </FileInfo>
    </File>
    <Config>
      <Option Name="TopAutoSet" Val="TRUE"/>
    </Config>
  </FileSet>
  <Strategy Version="1" Minor="2">
    <StratHandle Name="Vivado Implementation Defaults" Flow="Vivado Implementation 2022"/>
    <Step Id="init_design"/>
    <Step Id="opt_design"/>
    <Step Id="power_opt_design"/>
    <Step Id="place_design"/>
    <Step Id="post_place_power_opt_design"/>
    <Step Id="phys_opt_design"/>
    <Step Id="route_design"/>
    <Step Id="post_route_phys_opt_design"/>
    <Step Id="write_bitstream"/>
    <Step Id="write_device_image"/>
  </Strategy>
  <BlockFileSet Type="BlockSrcs" Name="CLK_PLL"/>
</GenRun>
